<?xml version="1.0" encoding="UTF-8"?>
<project-private xmlns="http://www.netbeans.org/ns/project-private/1">
    <editor-bookmarks xmlns="http://www.netbeans.org/ns/editor-bookmarks/2" lastBookmarkId="0"/>
    <open-files xmlns="http://www.netbeans.org/ns/projectui-open-files/2">
        <group>
            <file>file:/Users/macstudent/Downloads/Multithreading/src/multithreading/MyMessage.java</file>
            <file>file:/Users/macstudent/Downloads/Multithreading/src/multithreading/Sender.java</file>
            <file>file:/Users/macstudent/Downloads/Multithreading/src/multithreading/ThreadTest.java</file>
            <file>file:/Users/macstudent/Downloads/Multithreading/src/multithreading/MessageService.java</file>
            <file>file:/Users/macstudent/Downloads/Multithreading/src/multithreading/MyText.java</file>
            <file>file:/Users/macstudent/Downloads/Multithreading/src/multithreading/Carrier.java</file>
            <file>file:/Users/macstudent/Downloads/Multithreading/src/multithreading/Receiver.java</file>
        </group>
    </open-files>
</project-private>
